CDU_ID,GEO_CODE,GEO_LABEL,GEO_TYPE,GEO_TYP2,F996,F997,F998,F999,F1000,F1001,F2384,F323339,
,,,,,Deprivation; classification of household [E][S][W] : Total\ Classification of household deprivation - Unit : Households,Deprivation; classification of household [E][S][W] : Household is not deprived in any dimension - Unit : Households,Deprivation; classification of household [E][S][W] : Household is deprived in 1 dimension - Unit : Households,Deprivation; classification of household [E][S][W] : Household is deprived in 2 dimensions - Unit : Households,Deprivation; classification of household [E][S][W] : Household is deprived in 3 dimensions - Unit : Households,Deprivation; classification of household [E][S][W] : Household is deprived in 4 dimensions - Unit : Households,Population (usual residents) : All usual residents - Unit : Persons,Age : Total\ Age - Population (daytime/workday) [E][N][W] : Workday population - Sex : Total\ Sex - Unit : Persons,
335,E08000003,Manchester,Local Authorities,LA,204969,70540,68763,45745,18104,1817,503127,609505,
24198,E01005061,Manchester 018A,Lower Super Output Areas and Data Zones,LSOADZ,743,140,227,230,139,7,1648,4690,
24199,E01005062,Manchester 018B,Lower Super Output Areas and Data Zones,LSOADZ,772,241,274,174,75,8,2893,11539,
24200,E01005063,Manchester 018C,Lower Super Output Areas and Data Zones,LSOADZ,614,137,205,170,83,19,1486,1679,
24201,E01005065,Manchester 018D,Lower Super Output Areas and Data Zones,LSOADZ,916,233,296,274,103,10,2231,4078,
24202,E01005066,Manchester 018E,Lower Super Output Areas and Data Zones,LSOADZ,501,148,179,118,49,7,1700,2151,
24203,E01005067,Manchester 020A,Lower Super Output Areas and Data Zones,LSOADZ,587,105,167,195,110,10,1362,1362,
24204,E01005068,Manchester 051A,Lower Super Output Areas and Data Zones,LSOADZ,704,144,265,214,75,6,1578,1100,
24205,E01005069,Manchester 047A,Lower Super Output Areas and Data Zones,LSOADZ,641,302,192,113,32,2,1447,1297,
24206,E01005070,Manchester 051B,Lower Super Output Areas and Data Zones,LSOADZ,740,220,234,204,77,5,1682,8832,
24207,E01005071,Manchester 048A,Lower Super Output Areas and Data Zones,LSOADZ,684,219,216,180,65,4,1592,1217,
24208,E01005072,Manchester 048B,Lower Super Output Areas and Data Zones,LSOADZ,811,297,242,177,87,8,1703,1294,
24209,E01005073,Manchester 048C,Lower Super Output Areas and Data Zones,LSOADZ,615,254,222,116,22,1,1492,892,
24210,E01005074,Manchester 051C,Lower Super Output Areas and Data Zones,LSOADZ,644,169,214,181,79,1,1522,1320,
24211,E01005075,Manchester 051D,Lower Super Output Areas and Data Zones,LSOADZ,612,180,194,171,62,5,1390,2619,
24212,E01005076,Manchester 039A,Lower Super Output Areas and Data Zones,LSOADZ,782,499,198,64,19,2,1483,882,
24213,E01005077,Manchester 042A,Lower Super Output Areas and Data Zones,LSOADZ,630,186,188,166,83,7,1558,1267,
24214,E01005078,Manchester 042B,Lower Super Output Areas and Data Zones,LSOADZ,824,472,249,72,28,3,1453,1122,
24215,E01005079,Manchester 042C,Lower Super Output Areas and Data Zones,LSOADZ,628,306,167,115,39,1,1565,1647,
24216,E01005081,Manchester 039C,Lower Super Output Areas and Data Zones,LSOADZ,784,233,267,177,94,13,1770,1344,
24217,E01005082,Manchester 037A,Lower Super Output Areas and Data Zones,LSOADZ,659,224,170,179,81,5,1548,1231,
24218,E01005083,Manchester 039D,Lower Super Output Areas and Data Zones,LSOADZ,888,524,252,83,26,3,1710,2444,
24219,E01005084,Manchester 042D,Lower Super Output Areas and Data Zones,LSOADZ,867,411,236,151,67,2,2018,1438,
24220,E01005085,Manchester 049A,Lower Super Output Areas and Data Zones,LSOADZ,599,185,215,144,52,3,1567,1125,
24221,E01005086,Manchester 049B,Lower Super Output Areas and Data Zones,LSOADZ,715,191,224,208,86,6,1811,1372,
24222,E01005087,Manchester 050A,Lower Super Output Areas and Data Zones,LSOADZ,792,205,260,220,98,9,2083,1443,
24223,E01005088,Manchester 050B,Lower Super Output Areas and Data Zones,LSOADZ,687,134,211,222,115,5,1708,1413,
24224,E01005089,Manchester 049C,Lower Super Output Areas and Data Zones,LSOADZ,699,168,244,194,86,7,1920,1580,
24225,E01005090,Manchester 050C,Lower Super Output Areas and Data Zones,LSOADZ,745,154,211,240,131,9,1597,1289,
24226,E01005091,Manchester 050D,Lower Super Output Areas and Data Zones,LSOADZ,867,220,303,229,106,9,2159,1761,
24227,E01005092,Manchester 015A,Lower Super Output Areas and Data Zones,LSOADZ,720,171,241,200,97,11,1629,1523,
24228,E01005093,Manchester 012A,Lower Super Output Areas and Data Zones,LSOADZ,678,151,207,201,110,9,1724,1357,
24229,E01005094,Manchester 012B,Lower Super Output Areas and Data Zones,LSOADZ,660,164,213,193,85,5,1463,1788,
24230,E01005097,Manchester 012C,Lower Super Output Areas and Data Zones,LSOADZ,650,133,199,207,97,14,1731,1434,
24231,E01005098,Manchester 001A,Lower Super Output Areas and Data Zones,LSOADZ,777,181,242,241,107,6,1522,1329,
24232,E01005099,Manchester 001B,Lower Super Output Areas and Data Zones,LSOADZ,726,174,219,209,112,12,1819,1564,
24233,E01005100,Manchester 001C,Lower Super Output Areas and Data Zones,LSOADZ,658,200,226,158,67,7,1588,1624,
24234,E01005101,Manchester 002A,Lower Super Output Areas and Data Zones,LSOADZ,723,192,233,204,86,8,1704,1275,
24235,E01005102,Manchester 001D,Lower Super Output Areas and Data Zones,LSOADZ,626,215,223,140,45,3,1358,806,
24236,E01005103,Manchester 001E,Lower Super Output Areas and Data Zones,LSOADZ,835,164,271,290,104,6,1640,1339,
24237,E01005104,Manchester 004A,Lower Super Output Areas and Data Zones,LSOADZ,842,236,302,217,79,8,1789,1191,
24238,E01005105,Manchester 015C,Lower Super Output Areas and Data Zones,LSOADZ,809,270,278,173,78,10,1960,1635,
24239,E01005106,Manchester 015D,Lower Super Output Areas and Data Zones,LSOADZ,825,163,290,259,103,10,1877,4418,
24240,E01005107,Manchester 015E,Lower Super Output Areas and Data Zones,LSOADZ,740,176,231,214,99,20,1803,2713,
24241,E01005108,Manchester 017A,Lower Super Output Areas and Data Zones,LSOADZ,1053,249,343,304,141,16,2630,3119,
24242,E01005111,Manchester 047B,Lower Super Output Areas and Data Zones,LSOADZ,622,197,186,172,63,4,1405,927,
24243,E01005112,Manchester 048D,Lower Super Output Areas and Data Zones,LSOADZ,676,217,244,158,51,6,1660,1278,
24244,E01005113,Manchester 047C,Lower Super Output Areas and Data Zones,LSOADZ,830,202,278,213,119,18,1573,1136,
24245,E01005114,Manchester 047D,Lower Super Output Areas and Data Zones,LSOADZ,810,349,276,153,30,2,1768,1285,
24246,E01005115,Manchester 044A,Lower Super Output Areas and Data Zones,LSOADZ,785,288,262,175,56,4,1874,1213,
24247,E01005116,Manchester 047E,Lower Super Output Areas and Data Zones,LSOADZ,973,459,244,192,74,4,1964,1480,
24248,E01005117,Manchester 048E,Lower Super Output Areas and Data Zones,LSOADZ,938,277,299,219,131,12,2059,2106,
24249,E01005118,Manchester 034A,Lower Super Output Areas and Data Zones,LSOADZ,497,196,157,115,28,1,1507,1115,
24250,E01005119,Manchester 041A,Lower Super Output Areas and Data Zones,LSOADZ,629,179,205,167,73,5,1531,1377,
24251,E01005120,Manchester 034B,Lower Super Output Areas and Data Zones,LSOADZ,661,241,201,161,55,3,1849,1402,
24252,E01005121,Manchester 041B,Lower Super Output Areas and Data Zones,LSOADZ,599,153,212,161,68,5,1594,1336,
24253,E01005122,Manchester 041C,Lower Super Output Areas and Data Zones,LSOADZ,641,177,208,178,75,3,1681,1876,
24254,E01005123,Manchester 041D,Lower Super Output Areas and Data Zones,LSOADZ,622,157,199,185,80,1,1701,1242,
24255,E01005124,Manchester 041E,Lower Super Output Areas and Data Zones,LSOADZ,686,202,227,168,82,7,1734,1218,
24256,E01005125,Manchester 040A,Lower Super Output Areas and Data Zones,LSOADZ,635,229,192,151,62,1,1596,1382,
24257,E01005126,Manchester 045A,Lower Super Output Areas and Data Zones,LSOADZ,819,383,256,146,31,3,2034,1360,
24258,E01005128,Manchester 055A,Lower Super Output Areas and Data Zones,LSOADZ,766,239,433,87,7,0,1710,2569,
24259,E01005129,Manchester 013B,Lower Super Output Areas and Data Zones,LSOADZ,709,134,242,192,131,10,1461,1708,
24260,E01005130,Manchester 054A,Lower Super Output Areas and Data Zones,LSOADZ,767,171,245,208,132,11,1481,1273,
24261,E01005132,Manchester 013C,Lower Super Output Areas and Data Zones,LSOADZ,661,134,214,192,111,10,1480,1263,
24262,E01005133,Manchester 013D,Lower Super Output Areas and Data Zones,LSOADZ,596,124,209,160,98,5,1275,1203,
24263,E01005135,Manchester 002B,Lower Super Output Areas and Data Zones,LSOADZ,624,148,212,178,84,2,1621,1313,
24264,E01005136,Manchester 002C,Lower Super Output Areas and Data Zones,LSOADZ,637,206,209,156,64,2,1506,1135,
24265,E01005138,Manchester 002D,Lower Super Output Areas and Data Zones,LSOADZ,787,165,239,234,139,10,1755,1384,
24266,E01005139,Manchester 003B,Lower Super Output Areas and Data Zones,LSOADZ,714,269,239,155,49,2,1726,1265,
24267,E01005140,Manchester 002E,Lower Super Output Areas and Data Zones,LSOADZ,1185,421,390,249,117,8,2804,2427,
24268,E01005141,Manchester 003C,Lower Super Output Areas and Data Zones,LSOADZ,805,185,243,256,108,13,1738,1311,
24269,E01005142,Manchester 058A,Lower Super Output Areas and Data Zones,LSOADZ,729,133,212,235,138,11,1912,2056,
24270,E01005143,Manchester 056A,Lower Super Output Areas and Data Zones,LSOADZ,792,187,254,227,115,9,2602,2192,
24271,E01005145,Manchester 008A,Lower Super Output Areas and Data Zones,LSOADZ,801,249,286,201,58,7,2711,2347,
24272,E01005146,Manchester 008B,Lower Super Output Areas and Data Zones,LSOADZ,852,214,301,264,67,6,2361,2226,
24273,E01005147,Manchester 058B,Lower Super Output Areas and Data Zones,LSOADZ,914,222,301,253,126,12,2538,2948,
24274,E01005149,Manchester 008C,Lower Super Output Areas and Data Zones,LSOADZ,474,126,177,122,40,9,1743,1654,
24275,E01005150,Manchester 029A,Lower Super Output Areas and Data Zones,LSOADZ,930,476,287,115,43,9,1870,2759,
24276,E01005151,Manchester 029B,Lower Super Output Areas and Data Zones,LSOADZ,717,364,172,126,44,11,1485,916,
24277,E01005152,Manchester 029C,Lower Super Output Areas and Data Zones,LSOADZ,600,407,113,63,16,1,1453,806,
24278,E01005153,Manchester 037B,Lower Super Output Areas and Data Zones,LSOADZ,820,483,195,102,37,3,1663,1070,
24279,E01005154,Manchester 033A,Lower Super Output Areas and Data Zones,LSOADZ,669,379,189,79,21,1,1581,980,
24280,E01005155,Manchester 037C,Lower Super Output Areas and Data Zones,LSOADZ,683,442,133,82,25,1,1411,811,
24281,E01005156,Manchester 033B,Lower Super Output Areas and Data Zones,LSOADZ,635,423,136,66,10,0,1496,1446,
24282,E01005157,Manchester 037D,Lower Super Output Areas and Data Zones,LSOADZ,614,415,141,51,6,1,1591,955,
24283,E01005158,Manchester 033C,Lower Super Output Areas and Data Zones,LSOADZ,711,320,199,150,40,2,1511,1182,
24284,E01005159,Manchester 029D,Lower Super Output Areas and Data Zones,LSOADZ,621,378,159,59,22,3,1585,1314,
24285,E01005160,Manchester 004B,Lower Super Output Areas and Data Zones,LSOADZ,721,224,270,190,35,2,1769,1478,
24286,E01005161,Manchester 004C,Lower Super Output Areas and Data Zones,LSOADZ,657,259,246,110,40,2,1554,937,
24287,E01005162,Manchester 004D,Lower Super Output Areas and Data Zones,LSOADZ,679,215,204,204,53,3,1710,1355,
24288,E01005163,Manchester 004E,Lower Super Output Areas and Data Zones,LSOADZ,661,213,211,163,64,10,1651,1103,
24289,E01005164,Manchester 006A,Lower Super Output Areas and Data Zones,LSOADZ,694,166,232,192,91,13,1571,4823,
24290,E01005165,Manchester 008D,Lower Super Output Areas and Data Zones,LSOADZ,976,204,332,320,94,26,2109,2553,
24291,E01005166,Manchester 008E,Lower Super Output Areas and Data Zones,LSOADZ,716,152,257,223,75,9,1862,1678,
24292,E01005167,Manchester 008F,Lower Super Output Areas and Data Zones,LSOADZ,565,160,197,129,70,9,1985,2102,
24293,E01005168,Manchester 045B,Lower Super Output Areas and Data Zones,LSOADZ,522,291,150,63,16,2,1388,1251,
24294,E01005169,Manchester 045C,Lower Super Output Areas and Data Zones,LSOADZ,487,284,143,52,7,1,1367,4060,
24295,E01005170,Manchester 045D,Lower Super Output Areas and Data Zones,LSOADZ,584,328,174,71,11,0,1531,905,
24296,E01005171,Manchester 045E,Lower Super Output Areas and Data Zones,LSOADZ,711,352,219,116,23,1,1697,1879,
24297,E01005172,Manchester 043A,Lower Super Output Areas and Data Zones,LSOADZ,803,426,229,111,21,16,1600,1006,
24298,E01005173,Manchester 043B,Lower Super Output Areas and Data Zones,LSOADZ,703,441,177,63,19,3,1547,963,
24299,E01005174,Manchester 043C,Lower Super Output Areas and Data Zones,LSOADZ,624,411,151,53,8,1,1570,925,
24300,E01005175,Manchester 043D,Lower Super Output Areas and Data Zones,LSOADZ,693,373,185,103,27,5,1605,963,
24301,E01005176,Manchester 043E,Lower Super Output Areas and Data Zones,LSOADZ,936,614,209,81,25,7,1806,2109,
24302,E01005177,Manchester 043F,Lower Super Output Areas and Data Zones,LSOADZ,643,370,164,94,15,0,1339,816,
24303,E01005178,Manchester 030A,Lower Super Output Areas and Data Zones,LSOADZ,742,249,219,189,77,8,1968,1514,
24304,E01005179,Manchester 030B,Lower Super Output Areas and Data Zones,LSOADZ,953,415,308,168,53,9,2235,1593,
24305,E01005180,Manchester 030C,Lower Super Output Areas and Data Zones,LSOADZ,782,211,232,227,98,14,1847,1383,
24306,E01005181,Manchester 030D,Lower Super Output Areas and Data Zones,LSOADZ,683,286,232,126,35,4,2140,1833,
24307,E01005182,Manchester 030E,Lower Super Output Areas and Data Zones,LSOADZ,469,127,165,135,39,3,1610,1642,
24308,E01005183,Manchester 030F,Lower Super Output Areas and Data Zones,LSOADZ,670,134,222,194,113,7,1779,1384,
24309,E01005184,Manchester 032A,Lower Super Output Areas and Data Zones,LSOADZ,779,344,258,139,35,3,2121,1874,
24310,E01005185,Manchester 032B,Lower Super Output Areas and Data Zones,LSOADZ,534,248,209,64,13,0,4024,3655,
24311,E01005186,Manchester 020B,Lower Super Output Areas and Data Zones,LSOADZ,945,231,347,258,100,9,2376,2846,
24312,E01005187,Manchester 021A,Lower Super Output Areas and Data Zones,LSOADZ,787,229,285,179,85,9,1926,1309,
24313,E01005188,Manchester 021B,Lower Super Output Areas and Data Zones,LSOADZ,703,222,255,168,57,1,1714,1394,
24314,E01005189,Manchester 017D,Lower Super Output Areas and Data Zones,LSOADZ,826,153,267,273,115,18,1691,2636,
24315,E01005190,Manchester 017E,Lower Super Output Areas and Data Zones,LSOADZ,881,230,308,228,107,8,2017,1397,
24316,E01005191,Manchester 021C,Lower Super Output Areas and Data Zones,LSOADZ,800,187,273,223,111,6,1657,1268,
24317,E01005192,Manchester 021D,Lower Super Output Areas and Data Zones,LSOADZ,679,220,240,152,56,11,1584,1112,
24318,E01005193,Manchester 021E,Lower Super Output Areas and Data Zones,LSOADZ,818,278,287,185,62,6,1798,1227,
24319,E01005194,Manchester 027A,Lower Super Output Areas and Data Zones,LSOADZ,940,240,315,253,117,15,2589,2239,
24320,E01005195,Manchester 023A,Lower Super Output Areas and Data Zones,LSOADZ,735,182,236,229,78,10,1986,1583,
24321,E01005196,Manchester 023B,Lower Super Output Areas and Data Zones,LSOADZ,894,252,283,229,119,11,2376,1930,
24322,E01005197,Manchester 023C,Lower Super Output Areas and Data Zones,LSOADZ,697,171,227,201,86,12,1566,1389,
24323,E01005198,Manchester 023D,Lower Super Output Areas and Data Zones,LSOADZ,649,142,208,190,96,13,1570,1177,
24324,E01005199,Manchester 027B,Lower Super Output Areas and Data Zones,LSOADZ,895,313,299,212,65,6,2273,1549,
24325,E01005200,Manchester 027C,Lower Super Output Areas and Data Zones,LSOADZ,764,259,246,179,75,5,1831,1551,
24326,E01005201,Manchester 023E,Lower Super Output Areas and Data Zones,LSOADZ,816,204,299,216,82,15,2016,1657,
24327,E01005202,Manchester 009A,Lower Super Output Areas and Data Zones,LSOADZ,783,134,254,233,148,14,1778,2693,
24328,E01005203,Manchester 009B,Lower Super Output Areas and Data Zones,LSOADZ,927,171,260,317,170,9,1905,1612,
24329,E01005205,Manchester 006B,Lower Super Output Areas and Data Zones,LSOADZ,937,196,302,294,132,13,1987,2731,
24330,E01005206,Manchester 006C,Lower Super Output Areas and Data Zones,LSOADZ,747,234,267,165,68,13,1693,1363,
24331,E01005207,Manchester 006D,Lower Super Output Areas and Data Zones,LSOADZ,817,239,304,192,75,7,1915,1233,
24332,E01005208,Manchester 019A,Lower Super Output Areas and Data Zones,LSOADZ,1110,463,387,190,59,11,2338,3412,
24333,E01005209,Manchester 019B,Lower Super Output Areas and Data Zones,LSOADZ,868,278,318,186,78,8,2699,6106,
24334,E01005210,Manchester 019C,Lower Super Output Areas and Data Zones,LSOADZ,638,138,274,139,76,11,3244,4375,
24335,E01005212,Manchester 057A,Lower Super Output Areas and Data Zones,LSOADZ,696,275,232,129,54,6,2110,3202,
24336,E01005213,Manchester 059A,Lower Super Output Areas and Data Zones,LSOADZ,1178,381,387,281,117,12,2189,1535,
24337,E01005214,Manchester 019D,Lower Super Output Areas and Data Zones,LSOADZ,1013,551,296,120,40,6,2279,1531,
24338,E01005215,Manchester 034C,Lower Super Output Areas and Data Zones,LSOADZ,756,266,264,162,58,6,2004,1455,
24339,E01005216,Manchester 034D,Lower Super Output Areas and Data Zones,LSOADZ,611,286,182,116,24,3,1526,977,
24340,E01005217,Manchester 034E,Lower Super Output Areas and Data Zones,LSOADZ,678,308,213,125,27,5,1905,1512,
24341,E01005218,Manchester 034F,Lower Super Output Areas and Data Zones,LSOADZ,632,222,191,157,52,10,1683,1451,
24342,E01005219,Manchester 031A,Lower Super Output Areas and Data Zones,LSOADZ,916,327,303,201,73,12,2073,1749,
24343,E01005220,Manchester 031B,Lower Super Output Areas and Data Zones,LSOADZ,728,276,237,153,59,3,1849,1471,
24344,E01005221,Manchester 031C,Lower Super Output Areas and Data Zones,LSOADZ,779,299,247,164,63,6,2248,2137,
24345,E01005222,Manchester 031D,Lower Super Output Areas and Data Zones,LSOADZ,897,350,286,202,56,3,2102,1528,
24346,E01005223,Manchester 007A,Lower Super Output Areas and Data Zones,LSOADZ,549,159,200,124,64,2,1234,830,
24347,E01005224,Manchester 007B,Lower Super Output Areas and Data Zones,LSOADZ,715,227,253,162,68,5,1819,1861,
24348,E01005225,Manchester 007C,Lower Super Output Areas and Data Zones,LSOADZ,837,214,253,263,99,8,1847,1435,
24349,E01005226,Manchester 007D,Lower Super Output Areas and Data Zones,LSOADZ,683,233,228,163,53,6,1599,1122,
24350,E01005227,Manchester 009D,Lower Super Output Areas and Data Zones,LSOADZ,698,179,223,199,87,10,1685,1205,
24351,E01005228,Manchester 009E,Lower Super Output Areas and Data Zones,LSOADZ,755,138,238,254,119,6,1691,1317,
24352,E01005229,Manchester 007E,Lower Super Output Areas and Data Zones,LSOADZ,609,236,212,133,28,0,1539,1154,
24353,E01005230,Manchester 022B,Lower Super Output Areas and Data Zones,LSOADZ,819,254,267,193,91,14,2069,1669,
24354,E01005231,Manchester 022C,Lower Super Output Areas and Data Zones,LSOADZ,633,269,260,82,19,3,2626,2226,
24355,E01005232,Manchester 020C,Lower Super Output Areas and Data Zones,LSOADZ,713,161,256,202,85,9,1867,3273,
24356,E01005233,Manchester 027D,Lower Super Output Areas and Data Zones,LSOADZ,770,215,260,195,94,6,2403,1899,
24357,E01005234,Manchester 027E,Lower Super Output Areas and Data Zones,LSOADZ,633,145,208,178,93,9,2046,1988,
24358,E01005235,Manchester 020D,Lower Super Output Areas and Data Zones,LSOADZ,719,147,235,225,105,7,1760,1961,
24359,E01005236,Manchester 022D,Lower Super Output Areas and Data Zones,LSOADZ,702,182,260,179,65,16,2061,1701,
24360,E01005237,Manchester 022E,Lower Super Output Areas and Data Zones,LSOADZ,533,124,195,139,63,12,1994,1858,
24361,E01005238,Manchester 027F,Lower Super Output Areas and Data Zones,LSOADZ,564,144,196,148,68,8,2109,1682,
24362,E01005239,Manchester 020E,Lower Super Output Areas and Data Zones,LSOADZ,660,112,210,216,107,15,1762,1808,
24363,E01005240,Manchester 024A,Lower Super Output Areas and Data Zones,LSOADZ,1003,296,336,251,112,8,2655,2110,
24364,E01005241,Manchester 025A,Lower Super Output Areas and Data Zones,LSOADZ,1009,415,326,192,66,10,2428,1606,
24365,E01005242,Manchester 025B,Lower Super Output Areas and Data Zones,LSOADZ,1008,287,351,272,81,17,2603,2083,
24366,E01005243,Manchester 024B,Lower Super Output Areas and Data Zones,LSOADZ,1084,260,364,299,143,18,2463,2227,
24367,E01005244,Manchester 025C,Lower Super Output Areas and Data Zones,LSOADZ,926,306,324,223,65,8,2938,2617,
24368,E01005245,Manchester 024C,Lower Super Output Areas and Data Zones,LSOADZ,871,163,281,291,128,8,2410,2281,
24369,E01005246,Manchester 024D,Lower Super Output Areas and Data Zones,LSOADZ,738,142,272,200,108,16,2139,1831,
24370,E01005247,Manchester 005A,Lower Super Output Areas and Data Zones,LSOADZ,627,231,214,153,28,1,1454,925,
24371,E01005248,Manchester 005B,Lower Super Output Areas and Data Zones,LSOADZ,573,234,202,117,20,0,1369,801,
24372,E01005249,Manchester 005C,Lower Super Output Areas and Data Zones,LSOADZ,777,293,237,169,69,9,1846,1336,
24373,E01005250,Manchester 005D,Lower Super Output Areas and Data Zones,LSOADZ,750,212,245,220,67,6,1781,1448,
24374,E01005251,Manchester 003D,Lower Super Output Areas and Data Zones,LSOADZ,633,195,212,161,63,2,1594,1388,
24375,E01005252,Manchester 003E,Lower Super Output Areas and Data Zones,LSOADZ,763,196,237,249,78,3,1834,1336,
24376,E01005253,Manchester 005E,Lower Super Output Areas and Data Zones,LSOADZ,639,156,227,181,69,6,1585,1224,
24377,E01005254,Manchester 005F,Lower Super Output Areas and Data Zones,LSOADZ,683,315,205,115,48,0,1598,962,
24378,E01005255,Manchester 012D,Lower Super Output Areas and Data Zones,LSOADZ,824,159,245,281,124,15,1609,1219,
24379,E01005256,Manchester 011A,Lower Super Output Areas and Data Zones,LSOADZ,854,204,269,254,110,17,1995,2535,
24380,E01005257,Manchester 011B,Lower Super Output Areas and Data Zones,LSOADZ,820,147,257,264,136,16,1798,4005,
24381,E01005258,Manchester 011C,Lower Super Output Areas and Data Zones,LSOADZ,781,219,260,213,76,13,1707,1304,
24382,E01005259,Manchester 011D,Lower Super Output Areas and Data Zones,LSOADZ,782,166,254,210,137,15,1602,1409,
24383,E01005260,Manchester 011E,Lower Super Output Areas and Data Zones,LSOADZ,592,226,191,126,43,6,1499,1016,
24384,E01005261,Manchester 012E,Lower Super Output Areas and Data Zones,LSOADZ,651,105,205,225,107,9,1642,1399,
24385,E01005262,Manchester 044B,Lower Super Output Areas and Data Zones,LSOADZ,861,371,243,184,57,6,1841,1112,
24386,E01005263,Manchester 046A,Lower Super Output Areas and Data Zones,LSOADZ,825,290,242,188,92,13,1633,2538,
24387,E01005264,Manchester 044C,Lower Super Output Areas and Data Zones,LSOADZ,617,192,194,159,69,3,1535,1341,
24388,E01005265,Manchester 044D,Lower Super Output Areas and Data Zones,LSOADZ,682,214,236,164,62,6,1684,1521,
24389,E01005266,Manchester 044E,Lower Super Output Areas and Data Zones,LSOADZ,835,229,278,233,89,6,1957,1389,
24390,E01005267,Manchester 046B,Lower Super Output Areas and Data Zones,LSOADZ,664,286,221,128,25,4,1551,970,
24391,E01005268,Manchester 046C,Lower Super Output Areas and Data Zones,LSOADZ,994,506,298,164,24,2,2018,2032,
24392,E01005269,Manchester 046D,Lower Super Output Areas and Data Zones,LSOADZ,617,273,205,111,27,1,1484,1910,
24393,E01005270,Manchester 035A,Lower Super Output Areas and Data Zones,LSOADZ,675,212,209,166,79,9,1747,1206,
24394,E01005271,Manchester 032C,Lower Super Output Areas and Data Zones,LSOADZ,694,304,265,86,34,5,2101,2002,
24395,E01005272,Manchester 035B,Lower Super Output Areas and Data Zones,LSOADZ,755,192,236,222,99,6,1802,1477,
24396,E01005273,Manchester 035C,Lower Super Output Areas and Data Zones,LSOADZ,553,266,182,77,25,3,1558,1197,
24397,E01005274,Manchester 038A,Lower Super Output Areas and Data Zones,LSOADZ,682,276,200,149,56,1,1766,1577,
24398,E01005275,Manchester 038B,Lower Super Output Areas and Data Zones,LSOADZ,818,443,266,87,19,3,1695,847,
24399,E01005276,Manchester 038C,Lower Super Output Areas and Data Zones,LSOADZ,643,365,207,48,20,3,1602,1034,
24400,E01005277,Manchester 038D,Lower Super Output Areas and Data Zones,LSOADZ,778,438,260,65,14,1,1729,3779,
24401,E01005278,Manchester 035D,Lower Super Output Areas and Data Zones,LSOADZ,541,176,214,111,39,1,1839,1322,
24402,E01005279,Manchester 035E,Lower Super Output Areas and Data Zones,LSOADZ,817,320,251,177,65,4,2036,1412,
24403,E01005280,Manchester 026A,Lower Super Output Areas and Data Zones,LSOADZ,528,121,176,156,70,5,1919,1559,
24404,E01005281,Manchester 026B,Lower Super Output Areas and Data Zones,LSOADZ,542,209,181,104,40,8,2239,2613,
24405,E01005282,Manchester 032D,Lower Super Output Areas and Data Zones,LSOADZ,550,211,182,113,42,2,1852,1532,
24406,E01005283,Manchester 032E,Lower Super Output Areas and Data Zones,LSOADZ,408,211,142,41,13,1,1481,1133,
24407,E01005284,Manchester 026C,Lower Super Output Areas and Data Zones,LSOADZ,834,325,361,113,29,6,3436,4082,
24408,E01005285,Manchester 025D,Lower Super Output Areas and Data Zones,LSOADZ,476,100,158,129,71,18,1299,1176,
24409,E01005286,Manchester 026D,Lower Super Output Areas and Data Zones,LSOADZ,738,301,278,110,42,7,2170,1951,
24410,E01005287,Manchester 026E,Lower Super Output Areas and Data Zones,LSOADZ,652,122,223,205,95,7,2131,1826,
24411,E01005288,Manchester 025E,Lower Super Output Areas and Data Zones,LSOADZ,640,231,217,134,48,10,1728,2029,
24412,E01005289,Manchester 049D,Lower Super Output Areas and Data Zones,LSOADZ,641,146,192,196,98,9,1450,1126,
24413,E01005290,Manchester 052A,Lower Super Output Areas and Data Zones,LSOADZ,675,145,238,197,87,8,1544,1194,
24414,E01005291,Manchester 050E,Lower Super Output Areas and Data Zones,LSOADZ,714,130,217,268,91,8,1454,3102,
24415,E01005292,Manchester 052B,Lower Super Output Areas and Data Zones,LSOADZ,696,176,227,207,75,11,1479,1119,
24416,E01005293,Manchester 052C,Lower Super Output Areas and Data Zones,LSOADZ,521,230,180,91,19,1,1229,926,
24417,E01005294,Manchester 052D,Lower Super Output Areas and Data Zones,LSOADZ,645,246,224,132,41,2,1496,1055,
24418,E01005295,Manchester 049E,Lower Super Output Areas and Data Zones,LSOADZ,1124,626,306,142,44,6,2459,4265,
24419,E01005296,Manchester 029E,Lower Super Output Areas and Data Zones,LSOADZ,614,308,159,107,34,6,1704,1082,
24420,E01005297,Manchester 028A,Lower Super Output Areas and Data Zones,LSOADZ,916,379,276,176,74,11,2449,1668,
24421,E01005298,Manchester 028B,Lower Super Output Areas and Data Zones,LSOADZ,641,310,178,114,35,4,1835,1291,
24422,E01005299,Manchester 029F,Lower Super Output Areas and Data Zones,LSOADZ,533,265,140,106,20,2,1591,1018,
24423,E01005300,Manchester 033D,Lower Super Output Areas and Data Zones,LSOADZ,490,198,173,91,28,0,1561,1108,
24424,E01005301,Manchester 033E,Lower Super Output Areas and Data Zones,LSOADZ,612,305,203,82,20,2,1601,1196,
24425,E01005302,Manchester 028C,Lower Super Output Areas and Data Zones,LSOADZ,930,368,319,173,60,10,1846,1494,
24426,E01005304,Manchester 040B,Lower Super Output Areas and Data Zones,LSOADZ,657,307,234,86,27,3,1810,1305,
24427,E01005305,Manchester 036A,Lower Super Output Areas and Data Zones,LSOADZ,592,285,207,85,14,1,1795,1181,
24428,E01005306,Manchester 040C,Lower Super Output Areas and Data Zones,LSOADZ,687,419,173,72,20,3,1546,902,
24429,E01005307,Manchester 040D,Lower Super Output Areas and Data Zones,LSOADZ,721,375,229,95,20,2,1971,1386,
24430,E01005308,Manchester 040E,Lower Super Output Areas and Data Zones,LSOADZ,625,248,200,121,53,3,1697,1113,
24431,E01005309,Manchester 036B,Lower Super Output Areas and Data Zones,LSOADZ,963,394,380,138,46,5,2297,2376,
24432,E01005310,Manchester 036C,Lower Super Output Areas and Data Zones,LSOADZ,579,252,177,107,39,4,1860,1356,
24433,E01005311,Manchester 036D,Lower Super Output Areas and Data Zones,LSOADZ,615,311,186,83,32,3,1769,1296,
24434,E01005312,Manchester 036E,Lower Super Output Areas and Data Zones,LSOADZ,618,255,189,116,50,8,1811,1307,
24435,E01005313,Manchester 053A,Lower Super Output Areas and Data Zones,LSOADZ,618,140,199,207,70,2,1496,980,
24436,E01005314,Manchester 053B,Lower Super Output Areas and Data Zones,LSOADZ,635,157,215,188,70,5,1575,1226,
24437,E01005315,Manchester 053C,Lower Super Output Areas and Data Zones,LSOADZ,715,160,249,212,92,2,1503,1470,
24438,E01005316,Manchester 053D,Lower Super Output Areas and Data Zones,LSOADZ,702,274,223,153,49,3,1606,16646,
24439,E01005317,Manchester 052E,Lower Super Output Areas and Data Zones,LSOADZ,774,208,248,223,90,5,1647,4801,
24440,E01005318,Manchester 053E,Lower Super Output Areas and Data Zones,LSOADZ,782,259,229,223,65,6,1874,2319,
24441,E01005319,Manchester 051E,Lower Super Output Areas and Data Zones,LSOADZ,880,254,282,244,94,6,2131,1404,
51989,E01033651,Manchester 054B,Lower Super Output Areas and Data Zones,LSOADZ,630,200,328,80,18,4,1152,3645,
51990,E01033652,Manchester 022F,Lower Super Output Areas and Data Zones,LSOADZ,411,133,154,83,36,5,1618,10172,
51991,E01033653,Manchester 055B,Lower Super Output Areas and Data Zones,LSOADZ,1036,343,501,161,30,1,1670,17742,
51992,E01033654,Manchester 055C,Lower Super Output Areas and Data Zones,LSOADZ,617,239,300,68,9,1,2956,6834,
51993,E01033655,Manchester 056B,Lower Super Output Areas and Data Zones,LSOADZ,694,250,374,60,6,4,1197,1824,
51994,E01033656,Manchester 057B,Lower Super Output Areas and Data Zones,LSOADZ,761,283,421,54,2,1,3490,5185,
51995,E01033657,Manchester 022G,Lower Super Output Areas and Data Zones,LSOADZ,435,94,187,105,40,9,1557,1971,
51996,E01033658,Manchester 054C,Lower Super Output Areas and Data Zones,LSOADZ,711,245,355,100,11,0,1303,42253,
51997,E01033659,Manchester 055D,Lower Super Output Areas and Data Zones,LSOADZ,760,342,360,48,9,1,1336,2177,
51998,E01033660,Manchester 059B,Lower Super Output Areas and Data Zones,LSOADZ,698,347,305,35,9,2,1168,475,
51999,E01033661,Manchester 055E,Lower Super Output Areas and Data Zones,LSOADZ,706,259,304,105,37,1,1155,5161,
52000,E01033662,Manchester 057C,Lower Super Output Areas and Data Zones,LSOADZ,842,292,408,103,34,5,1335,6936,
52001,E01033663,Manchester 013E,Lower Super Output Areas and Data Zones,LSOADZ,712,248,328,107,27,2,1183,842,
52002,E01033664,Manchester 054D,Lower Super Output Areas and Data Zones,LSOADZ,607,229,320,53,5,0,1119,3411,
52003,E01033665,Manchester 056C,Lower Super Output Areas and Data Zones,LSOADZ,723,168,384,125,39,7,1212,3135,
52004,E01033666,Manchester 017F,Lower Super Output Areas and Data Zones,LSOADZ,1103,302,348,316,123,14,2664,2448,
52005,E01033667,Manchester 054E,Lower Super Output Areas and Data Zones,LSOADZ,653,213,318,94,26,2,1006,2940,
52006,E01033668,Manchester 015F,Lower Super Output Areas and Data Zones,LSOADZ,598,197,225,122,50,4,1136,890,
52007,E01033669,Manchester 015G,Lower Super Output Areas and Data Zones,LSOADZ,677,150,226,206,88,7,1397,2497,
52008,E01033670,Manchester 039E,Lower Super Output Areas and Data Zones,LSOADZ,655,394,227,29,4,1,1252,888,
52009,E01033671,Manchester 039F,Lower Super Output Areas and Data Zones,LSOADZ,793,556,158,59,19,1,1709,1384,
52010,E01033672,Manchester 059C,Lower Super Output Areas and Data Zones,LSOADZ,725,221,278,141,75,10,1291,1088,
52011,E01033673,Manchester 059D,Lower Super Output Areas and Data Zones,LSOADZ,673,315,317,38,3,0,1101,580,
52012,E01033674,Manchester 058C,Lower Super Output Areas and Data Zones,LSOADZ,647,259,236,101,47,4,2206,3751,
52013,E01033675,Manchester 058D,Lower Super Output Areas and Data Zones,LSOADZ,757,253,245,178,75,6,2064,1473,
52014,E01033676,Manchester 056D,Lower Super Output Areas and Data Zones,LSOADZ,730,142,223,247,110,8,1668,2386,
52015,E01033677,Manchester 060A,Lower Super Output Areas and Data Zones,LSOADZ,699,310,321,63,5,0,1170,10306,
52016,E01033678,Manchester 009F,Lower Super Output Areas and Data Zones,LSOADZ,688,164,225,189,102,8,1574,1436,
52017,E01033679,Manchester 009G,Lower Super Output Areas and Data Zones,LSOADZ,643,91,186,228,124,14,1409,1172,
52018,E01033680,Manchester 028E,Lower Super Output Areas and Data Zones,LSOADZ,646,255,234,105,43,9,1211,808,
52019,E01033681,Manchester 060B,Lower Super Output Areas and Data Zones,LSOADZ,844,436,362,41,5,0,1373,6178,
52020,E01033682,Manchester 060C,Lower Super Output Areas and Data Zones,LSOADZ,797,402,327,60,8,0,1261,3849,
52021,E01033683,Manchester 060D,Lower Super Output Areas and Data Zones,LSOADZ,747,311,365,63,8,0,1259,1849,
52022,E01033684,Manchester 013F,Lower Super Output Areas and Data Zones,LSOADZ,649,208,376,59,6,0,1203,387,
52023,E01033685,Manchester 003F,Lower Super Output Areas and Data Zones,LSOADZ,652,297,182,138,33,2,1561,934,
52024,E01033686,Manchester 028F,Lower Super Output Areas and Data Zones,LSOADZ,608,218,240,117,25,8,1265,765,
52025,E01033687,Manchester 003G,Lower Super Output Areas and Data Zones,LSOADZ,802,184,285,217,105,11,1417,1264,
52026,E01033688,Manchester 013G,Lower Super Output Areas and Data Zones,LSOADZ,691,146,195,219,118,13,1505,2229,
